,Catalognum,Artist,Title,Label,Format,Rating,Released,release_id,Notes
0,395 312-2,The Neville Brothers,Brother's Keeper,A&M Records,"CD, Album",,1990,925929,
1,AMLH 64866,The Neville Brothers,Fiyo On The Bayou,A&M Records,"LP, Album",,1981,2341844,
2,B0000699-02,Black Eyed Peas,Elephunk,A&M Records,"CD, Album",,2003,1653501,
3,SP-3719,Styx,Paradise Theatre,A&M Records,"LP, Album, Etch, Ter",,1981,8631271,
4,SP-3735,The Police,Synchronicity,A&M Records,"LP, Album, (Re",,1983,18558793,
5,SP-4637,Styx,The Grand Illusion,A&M Records,"LP, Album, Mon",,1977,1271962,
6,SP-4724,Styx,Pieces Of Eight,A&M Records,"LP, Album, PRC",,1978,8420052,
7,"31454 0198 2, 31454 0198-2",Soundgarden,Superunknown,"A&M Records, A&M Records","CD, Album",,1994,409348,
8,"SP 5240, SP-5240",The Neville Brothers,Yellow Moon,"A&M Records, A&M Records","LP, Album, Ele",,1989,1648213,
9,AB-1006,Steely Dan,Aja,ABC Records,"LP, Album, San",,1977,1842334,
10,019029 6904929 ,Anderson .Paak,Ventura,Aftermath Entertainment,"CD, Album",,2019,13485289,
11,069490486-1,Dr. Dre,2001,"Aftermath Entertainment, Interscope Records","2xLP, Album",,1999,3201905,
12,none,Anderson .Paak,Oxnard,"Aftermath Entertainment, OBE, 12Tone Music","CD, Album",,2018,12810252,
13,AGE101002CD,Little Simz,Sometimes I Might Be Introvert ,Age 101 Music,"CD, Album",,2021,20066947,
14,"APLP.046, APLP-046",AC/DC,Back In Black,"Albert Productions, Albert Productions","LP, Album",,1980,400591,
15,ANR-1-1030,Rush,Moving Pictures,Anthem (5),"LP, Album, Mas",,1981,589603,
16,7537-2,Curtis Harding,Face Your Fear,Anti-,"CD, Album",,2017,11061838,
17,PCS 7088,The Beatles,Abbey Road,Apple Records,"LP, Album, M/Print, 1st",,1969,2607424,
18,PMC 7067/8,The Beatles,The Beatles,Apple Records,"2xLP, Album, Mono, M/Print, Num",,1968,456663,
19,FC 35647,"Earth, Wind & Fire",The Best Of Earth Wind & Fire Vol. I,"ARC (3), Columbia","LP, Comp",,1978,670301,
20,FC 35730,"Earth, Wind & Fire",I Am,"ARC (3), Columbia","LP, Album, Ter",,1979,3324995,
21,07822-19037-1,Whitney Houston,My Love Is Your Love,Arista,"2xLP, Album",,1998,1830425,
22,82876-52141-2,Usher,Confessions,Arista,"CD, Album",,2004,251888,
23,AL 8-8212,Whitney Houston,Whitney Houston,Arista,"LP, Album, Ind",,1985,6981271,
24,00602547360342,Halsey,Badlands,Astralwerks,"CD, Album",3.0,2015,10611668,
25,7E-1084,Eagles,Hotel California,Asylum Records,"LP, Album, SP ",,1976,1934367,
26,SD 33-234,"Dr. John, The Night Tripper",Gris-Gris,ATCO Records,"LP, Album, CT ",,1968,423937,
27,SD 33-362,Dr. John,"The Sun, Moon & Herbs",ATCO Records,"LP, Album, Mon",,1971,1921376,
28,SD 7006,Dr. John,Dr. John's Gumbo,ATCO Records,"LP, Album, PR ",,1972,1231039,
29,SD 7018,Dr. John,In The Right Place,ATCO Records,"LP, Album, PR ",,1973,554882,
30,0190295595920,Jess Glynne,Always In Between,Atlantic,"LP, Album, Blu",,2018,12765050,
31,0190295968519,Jess Glynne,I Cry When I Laugh,Atlantic,"2xLP, Album",,2016,8575459,
32,2401012,Led Zeppelin,Untitled ,Atlantic,"LP, Album, Ver",,1971,5135884,
33,551093-2,Lin-Manuel Miranda,Hamilton: An American Musical (Original Broadway Cast Recording),Atlantic,"2xCD, Album",,2015,7640983,
34,551380-1,Sturgill Simpson,A Sailor's Guide To Earth,Atlantic,"LP, Album, Blu + CD, Album + Ltd",5.0,2016,8374704,
35,588171,Led Zeppelin,Led Zeppelin,Atlantic,"LP, Album, Tur",,1969,1218217,
36,8139,Aretha Franklin,I Never Loved A Man The Way I Love You,Atlantic,"LP, Album, Mono, Pre",,1967,7657085,
37,565429-1,Nipsey Hussle,Victory Lap,"Atlantic, All Money In No Money Out","2xLP, Album",3.0,2018,11908826,
38,"2401002, 2401 002",Led Zeppelin,Led Zeppelin III,"Atlantic, Atlantic","LP, Album, Gat",,1970,2019920,
39,"588198, 588 198",Led Zeppelin,Led Zeppelin II,"Atlantic, Atlantic","LP, Album, M/Print, Wre",,1969,1846223,
40,"K 50014, K50014",Led Zeppelin,Houses Of The Holy,"Atlantic, Atlantic","LP, Album, Gat",5.0,1973,455077,
41,"587831-2, none",Lizzo,Cuz I Love You,"Atlantic, Nice Life","CD, Album",4.0,2019,13652851,
42,82876 71067-2,My Morning Jacket,Z,ATO Records,"CD, Album, Cop",,2005,537834,
43,ATO0503,Black Pumas,Black Pumas,ATO Records,"LP, Album, Ltd, Red",,2019,13773742,
44,ATO0505,Brittany Howard,Jaime,ATO Records,"CD, Album, Dig",,2019,14149275,
45,"ATO0142, 88088217871",Alabama Shakes,Boys & Girls,"ATO Records, ATO Records","LP, Album + 7""",,2012,3529250,
46,82876 52979-2,My Morning Jacket,It Still Moves,"ATO Records, RCA","CD, Album",,2003,612720,
47,CK 85293,John Mayer,Room For Squares,"Aware Records, Columbia","CD, Album",,2001,11680413,
48,CK 86185,John Mayer,Heavier Things,"Aware Records, Columbia","CD, Album",,2003,1906553,
49,78612-73000-2,Notorious B.I.G.,Ready To Die,Bad Boy Entertainment,"CD, Album",,1994,8489209,
50,78612-73011-1,Notorious B.I.G.,Life After Death,Bad Boy Entertainment,"3xLP, Album, Ltd",,1997,268090,
51,78612-73023-2,Notorious B.I.G.,Born Again,Bad Boy Entertainment,"CD, Album",,1999,258829,
52,BEATNC00221,Arlo Parks,Super Sad Generation,"Beatnik Creative, Transgressive Records","LP, Comp, Ltd, M/Print, Red",,2019,14566749,
53,BT 1031,The Neville Brothers,"Neville-ization (Live At Tipitina's New Orleans, Louisana)",Black Top Records,"LP, Album",,1984,2245032,
54,7243 5 32088 2 0,Norah Jones,Come Away With Me,Blue Note,"CD, Album",,2002,1553010,
55,BLP 1577,John Coltrane,Blue Train,Blue Note,"LP, Album, Mono, NY2",,1957,11786823,
56,602557139785,Frank Ocean,Endless,Boys Don't Cry,"CD, Album + DVD, Album",,2018,11856951,
57,none,Frank Ocean,Blond,Boys Don't Cry,"17xFile, AAC, Album, 256",5.0,2016,8932514,
58,BFCD064,Thundercat,Drunk,Brainfeeder,"CD, Album",,2017,9872506,
59,"7 20657 9429 2 7, 7 206 579 430 2, 7 206 579 431 2",Nate Dogg,G-Funk Classics Vol. 1 & 2,"Breakaway Entertainment, Thump Records, Thump Records","Box + 2xCD, Album, RE",,2010,7806794,
60,BRGR600,Curtis Harding,Soul Power,Burger Records,"LP, Album",,2014,5772747,
61,"CAI001LPTO, CAI001LP",Jungle (12),Loving In Stereo,"Caiola Records, Caiola Records","LP, Album",3.0,2021,19859938,
62,STAO-472,Jimi Hendrix,Band Of Gypsys,Capitol Records,"LP, Album, Gat",,1970,4758715,
63,"T 2458, T-2458",The Beach Boys,Pet Sounds,"Capitol Records, Capitol Records","LP, Album, Mono, Los",5.0,1966,1354479,
64,314 532 867-2,Cake,Fashion Nugget,Capricorn Records,"CD, Album",,1996,1582690,
65,SD 2-802,The Allman Brothers Band,The Allman Brothers Band At Fillmore East,Capricorn Records,"2xLP, Album, MO ",,1971,2379908,
66,B0001537-02,Lil Wayne,Tha Carter,"Cash Money Records, Universal Records","CD, Album",,2004,357056,
67,B0005124-02,Lil Wayne,Tha Carter II,"Cash Money Records, Universal Records","CD, Album",,2005,570373,
68,602527681412,Lil Wayne,Tha Carter IV,"Cash Money Records, Universal Republic Records","CD, Album",,2011,3091657,
69,CBS A2399,After The Fire,Der Kommissar,CBS,"7"", Single, Pap",,1982,3157898,
70,"CBS CLASH 3, S CBS CLASH 3",The Clash,London Calling,"CBS, CBS","2xLP, Album",,1979,470912,
71,none,Laura Marling,Song For Our Daughter,"Chrysalis, Partisan Records","10xFile, MP3, Album, 192",,2020,15086879,
72,19075861912,The Internet (2),Hive Mind,Columbia,"CD, Album",4.0,2018,12271555,
73,5015402000,Cake,Comfort Eagle,Columbia,"CD, Album, RE",,2017,15614044,
74,88697 53087 2,John Mayer,Battle Studies,Columbia,"CD, Album",,2009,2016250,
75,88875 08914 2,Leon Bridges,Coming Home,Columbia,"CD, Album",,2015,7146213,
76,88875118881,The Internet (2),Ego Death,Columbia,"2xLP, Album",,2015,7656373,
77,88985441132,"Tyler, The Creator",Scum Fuck Flower Boy,Columbia,"CD, Album, Cen",,2017,10589554,
78,C 57684,Nas,Illmatic,Columbia,"LP, Album",,1994,392604,
79,C 67015,Nas,It Was Written,Columbia,"LP, Album",,1996,298151,
80,C2 85736,Nas,Stillmatic,Columbia,"2xLP, Album",,2001,1294086,
81,CK 92776,John Legend,Get Lifted,Columbia,"CD, Album",,2004,495958,
82,CL 1355,Miles Davis,Kind Of Blue,Columbia,"LP, Album, Mono",,1959,2252871,
83,CS 9639,Johnny Cash,At Folsom Prison,Columbia,"LP, Album",,1968,1287354,
84,CS 9781,Santana,Santana,Columbia,"LP, Album",,1969,737224,
85,CS 9827,Johnny Cash,Johnny Cash At San Quentin,Columbia,"LP, Album",,1969,1595647,
86,FC 37728,Toto,Toto IV,Columbia,"LP, Album, Pit",,1982,11093530,
87,GP 26,Miles Davis,Bitches Brew,Columbia,"2xLP, Album, San",,1970,37006,
88,KC 30130,Santana,Abraxas,Columbia,"LP, Album, Pit",,1970,6534046,
89,none,"Tyler, The Creator",Igor,Columbia,"12xFile, MP3, Album, 192",5.0,2019,13639632,
90,none,"Tyler, The Creator",Call Me If You Get Lost,Columbia,"16xFile, AAC, Album, 256",4.0,2021,19262953,
91,QC 38504,Journey,Frontiers,Columbia,"LP, Album, Pit",,1983,1455421,
92,TC 37408,Journey,Escape,Columbia,"LP, Album, Ter",,1981,543205,
93,"CK82876790192, 82876 79019 2",John Mayer,Continuum,"Columbia, Aware Records","CD, Album",,2006,803634,
94,"COL 483792 2, 483792 2",Céline Dion,Falling Into You,"Columbia, Columbia","CD, Album",,1996,636220,
95,"FC 35797, 35797",Journey,Evolution,"Columbia, Columbia","LP, Album, Ter",,1979,4277061,
96,"JC 34912, 34912",Journey,Infinity,"Columbia, Columbia","LP, Album, Ter",,1978,1306413,
97,"OC 44493, C 44493",Journey,Greatest Hits,"Columbia, Columbia","LP, Comp",,1988,1700136,
98,88697579202,J. Cole,Cole World: The Sideline Story,"Columbia, Roc Nation, Sony Music","CD, Album",3.0,2011,3131267,
99,CK 67147,Fugees,The Score,"Columbia, Ruffhouse Records","CD, Album",5.0,1996,7959595,
100,19439882351,John Mayer,Sob Rock,"Columbia, Sony Music","LP, Album, Ltd, Cle",,2021,19492933,
101,19439886982,Leon Bridges,Gold-Diggers Sound,"Columbia, Sony Music","CD, Album",,2021,19583422,
102,88843032252,George Ezra,Wanted On Voyage,"Columbia, Sony Music","CD, Album",,2014,5952055,
103,88985416592,John Mayer,The Search For Everything,"Columbia, Sony Music","CD, Album",,2017,10132982,
104,00888072090859,Santana,Africa Speaks,Concord Records,"2xLP, Album",3.0,2019,13726173,
105,UNI 3561510,Mina Okabe,Better Days,Copenhagen Records,"LP, Album",,2021,20028226,
106,DAP-005,The Budos Band,The Budos Band,Daptone Records,"CD, Album",,2005,577155,
107,DAP-011,The Budos Band,The Budos Band II,Daptone Records,"CD, Album",,2007,7237153,
108,DAP-069,Various,The Daptone Super Soul Revue Live! At The Apollo,Daptone Records,"3xLP, Album, Ltd, Tea",3.0,2021,20371552,
109,"B0029729-01JK02, B0029729-01",Billie Eilish,"When We All Fall Asleep, Where Do We Go?","Darkroom (4), Interscope Records","LP, Album, Apr",4.0,2019,14198724,
110,B0033832-01,Billie Eilish,Happier Than Ever,"Darkroom (4), Interscope Records","2xLP, Album, Blu",3.0,2021,19677331,
111,DEP-2013,Kool & The Gang,Wild And Peaceful,De-Lite Records,"LP, Album",,1973,3279109,
112,"822 943-1 M-1, 422-822 943-1 M-1",Kool & The Gang,Emergency,"De-Lite Records, De-Lite Records","LP, Album, 22",,1984,2616264,
113,"DSR 8502, 6337 192",Kool & The Gang,Something Special,"De-Lite Records, De-Lite Records","LP, Album, 18 ",,1981,478378,
114,"DSR 9518, 6372·768",Kool & The Gang,Celebrate!,"De-Lite Records, De-Lite Records","LP, Album, 53 ",,1980,219598,
115,DOC214,Khruangbin & Leon Bridges,Texas Sun,"Dead Oceans, Columbia, Night Time Stories","CD, EP",,2020,14756805,
116,DOC193,Khruangbin,Mordechai,"Dead Oceans, Night Time Stories","10xFile, FLAC, Album, 24 ",,2020,15543892,
117,"92279-2, 7 92279-2",Snoop Dogg,Doggystyle,"Death Row Records (2), Death Row Records (2), Interscope Records, Interscope Records","CD, Album, ARC",,1993,2098010,
118,314-524 204-1,2Pac,All Eyez On Me,"Death Row Records (2), Interscope Records","4xLP, Album",,1996,238369,
119,LK 5025,The Rolling Stones,Let It Bleed,Decca,"LP, Album, Mono",,1969,2244952,
120,314 523 839-2,Method Man,Tical,Def Jam Recordings,"CD, Album",,1994,492510,
121,314 558 920-2,Method Man,Tical 2000: Judgement Day,Def Jam Recordings,"CD, Album",,1998,144124,
122,LP DEP 5,UB40,Labour Of Love,DEP International,"LP, Album",,1983,552230,
123,"LPDEP 14, 210 258",UB40,Labour Of Love II,"DEP International, DEP International","LP, Album",,1989,9863821,
124,DGCD-24425,Nirvana,Nevermind,"DGC, Sub Pop","CD, Album, MP, DAD",,1991,367084,
125,"DJLPD 1001, DJLPD.1001",Elton John,Goodbye Yellow Brick Road,"DJM Records (2), DJM Records (2)","2xLP, Album, Tri",,1973,6339359,
126,00602577982323,"Dreamville, J. Cole",Revenge Of The Dreamers III,Dreamville,"2xLP, Comp, Ltd",4.0,2019,14539177,
127,B0029309-01,Bas (21),Milky Way,Dreamville,"LP, Album",,2018,12947435,
128,none,J. Cole,The Off-Season,Dreamville,"LP, Album",3.0,2021,20020801,
129,B0030041-01,Ari Lennox,Shea Butter Baby,"Dreamville, Interscope Records","LP, Album",3.0,2019,14161707,
130,none,J.I.D,DiCaprio 2,"Dreamville, Interscope Records","14xFile, MP3, Album, 320",,2018,12922025,
131,B0028487-02,J. Cole,KOD,"Dreamville, Interscope Records, Roc Nation","CD, Album",3.0,2018,11893030,
132,00850498007551,J. Cole,4 Your Eyez Only,"Dreamville, Roc Nation, Interscope Records","CD, Album",5.0,2016,9519326,
133,80302-01749-17,The Lumineers,Cleopatra,Dualtone,"2xLP, Album, Dlx, Smo",4.0,2016,8366367,
134,"DUN-1005, DAP-041",Charles Bradley,Changes,"Dunham, Daptone Records","CD, Album",,2016,8307570,
135,"DUN-1004, DUN 1004, DAP-031, DAP 031",Charles Bradley Featuring Menahan Street Band,Victim Of Love,"Dunham, Dunham, Daptone Records, Daptone Records","LP, Album",,2013,4400772,
136,61659-2,Ol' Dirty Bastard,Return To The 36 Chambers: The Dirty Version,Elektra,"CD, Album",,1995,140996,
137,CD 61113,Metallica,Metallica,Elektra,"CD, Album, RE",,1992,20416933,
138,EKL-4007,The Doors,The Doors,Elektra,"LP, Album, Mono, Mon",,1967,3395317,
139,EKS-74014,The Doors,Strange Days,Elektra,"LP, Album, Mon",,1967,13839806,
140,"60439-1, 9 60439-1",Metallica,Master Of Puppets,"Elektra, Elektra","LP, Album, All",,1986,1549636,
141,"EMA 767, 0C 064 ◦ 95186",Queen,Queen II,"EMI, EMI","LP, Album, Gat",,1974,7499354,
142,"EMA 788, 0C 064-61820",Queen,Jazz,"EMI, EMI","LP, Album, Emb",,1978,475606,
143,"EMC 3006, OC 062 o 94 519",Queen,Queen,"EMI, EMI","LP, Album",,1973,847206,
144,"EMC 3061, OC 062 ◦ 96 025",Queen,Sheer Heart Attack,"EMI, EMI","LP, Album",,1974,777747,
145,"EMTC 103, 0C 066 ∘ 97176",Queen,A Night At The Opera,"EMI, EMI","LP, Album, Emb",,1975,612780,
146,"EMTV30, 0C 062-78 041",Queen,Greatest Hits,"EMI, EMI","LP, Comp, No ",,1981,376152,
147,ENS-5003,Isaac Hayes,Black Moses,Enterprise,"2xLP, Album, Fol",,1971,493139,
148,E2 86968,Audioslave,Audioslave,Epic,"2xLP, Album",,2002,1210233,
149,FE 35745,Michael Jackson,Off The Wall,Epic,"LP, Album, Pit",5.0,1979,120096,
150,QE 38112,Michael Jackson,Thriller,Epic,"LP, Album, Pit",4.0,1982,2911293,
151,Z 52959,Rage Against The Machine,Rage Against The Machine,Epic Associated,"LP, Album",,1992,367339,
152,"ZK 47857, 47857",Pearl Jam,Ten,"Epic Associated, Epic Associated","CD, Album, Pit",,1991,367664,
153,"PE 34188, 34188",Boston,Boston,"Epic, Epic","LP, Album, Pit",,1976,13125386,
154,08082,The Dirty Heads,Any Port In A Storm,Executive Music Group,CD,2.0,2008,4410718,
155,8387,Creedence Clearwater Revival,Bayou Country,Fantasy,"LP, Album, Hol",,1969,680968,
156,8397,Creedence Clearwater Revival,Willy And The Poor Boys,Fantasy,"LP, Album, Hol",,1969,1331703,
157,FAN00175,Lukas Nelson & Promise Of The Real,Lukas Nelson & Promise Of The Real,Fantasy,"2xLP, Album",,2017,10754138,
158,FAN01053,Valerie June,The Moon And Stars: Prescriptions For Dreamers,Fantasy,"CD, Album",,2021,17770792,
159,FSM 203,The Dirty Heads,Cabin By The Sea,Five Seven Music,"LP, Album",,2012,3831019,
160,FLO0002,Sault,5,Forever Living Originals,"LP, Album",3.0,2019,14025860,
161,FCL160,Flume,Skin,Future Classic,"2xLP, Album",,2016,8568293,
162,GASD-11413,Sublime (2),Sublime,Gasoline Alley Records,"CD, Album",,1996,644781,
163,GEF2-24813,The Genius / GZA,Liquid Swords,Geffen Records,"2xLP, Album",,1995,208109,
164,"XXXG 24148, GHS 24148, none",Guns N' Roses,Appetite For Destruction,"Geffen Records, Geffen Records, Uzi Suicide","LP, Album, Unc",,1987,383777,
165,VVR712815,Mumford & Sons,Babel,"Gentlemen Of The Road, Island Records, Cooperative Music","CD, Album, Dlx",,2012,3892960,
166,88697 37082 2,John Legend / The Roots,Wake Up!,"Getting Out Our Dreams, Columbia, Home School Records","CD, Album",,2010,2490592,
167,none,Pusha T,Daytona,"Getting Out Our Dreams, Def Jam Recordings","7xFile, AAC, Album, 256",5.0,2018,12047680,
168,GLS-0209-02,Childish Gambino,"Awaken, My Love!",Glassnote (2),"CD, Album",5.0,2016,9431313,
169,none,Daniel Caesar (2),Freudian,Golden Child Recordings,"10xFile, AAC, Album, 256",,2017,10750590,
170,G8-1002M1,Rick James,Street Songs,Gordy,"LP, Album",,1981,176072,
171,"GRADLP 2, GRAD LP2",UB40,Signing Off,"Graduate Records, Graduate Records","LP, Album + 12""",,1980,409773,
172,SHDW 411,Pink Floyd,The Wall,Harvest,"2xLP, Album, Gat",,1979,2041618,
173,SHVL 814,Pink Floyd,Wish You Were Here,Harvest,"LP, Album",,1975,463597,
174,"SHVL 804, 1E 064 o 05249",Pink Floyd,The Dark Side Of The Moon,"Harvest, Harvest","LP, Album, Gat",,1973,1873013,
175,HHR001-1,Tyler Childers,Purgatory,Hickman Holler Records,"LP, Album, 180",4.0,2017,10659254,
176,none,Tyler Childers,Long Violent History,Hickman Holler Records,"9xFile, AAC, Album, 256",,2020,16035230,
177,36800CD,Sturgill Simpson,The Ballad Of Dood & Juanita,High Top Mountain Records,"CD, Album",4.0,2021,19934302,
178,HTM002,Sturgill Simpson,Metamodern Sounds In Country Music,High Top Mountain Records,"CD, Album",4.0,2014,5702799,
179,"58388-IND, 56285LP",Sturgill Simpson,Cuttin' Grass Vol​.​ 1 (The Butcher Shoppe Sessions),"High Top Mountain Records, High Top Mountain Records","LP, Gre + LP, Yel + Album, Ltd",,2020,16416111,
180,D002054901,Various,Guardians Of The Galaxy,Hollywood Records,"LP, Comp + LP + Dlx, Uni",,2014,5996578,
181,OURHA001LP,Genesis Owusu,Smiling With No Teeth,"House Anxiety Records, Ourness","2xLP, Album, Red",,2021,17760016,
182,A-77,John Coltrane,A Love Supreme,Impulse!,"LP, Album, Mono, Gat",,1965,857505,
183,none,Peter Tosh,Legalize It,Intel Diplo,"LP, Album",,1976,3128762,
184,92399-1,2Pac,Me Against The World,Interscope Records,"2xLP, Album",,1995,1189666,
185,B0017695-01,Kendrick Lamar,"Good Kid, M.A.A.d City","Interscope Records, Aftermath Entertainment, Top Dawg Entertainment","2xLP, Album, Dlx",4.0,2012,3975953,
186,P1 57128,Dr. Dre,The Chronic,"Interscope Records, Death Row Records (2), Priority Records","LP, Album",,1992,226082,
187,none,Kacey Musgraves,Star-Crossed,"Interscope Records, MCA Nashville","15xFile, FLAC, Album, 24b",,2021,20177290,
188,602547236067,Florence And The Machine,"How Big, How Blue, How Beautiful",Island Records,"CD, Album",,2015,7064825,
189,BMW 1,Bob Marley & The Wailers,Legend (The Best Of Bob Marley And The Wailers),Island Records,"LP, Comp, Gat",,1984,509235,
190,ILPS 9281,Bob Marley & The Wailers,Natty Dread,Island Records,"LP, Album",,1974,557836,
191,ILPS 9498,Bob Marley & The Wailers,Exodus,Island Records,"LP, Album, Emb",,1977,525689,
192,ILPS 9517,Bob Marley & The Wailers,Kaya,Island Records,"LP, Album",,1978,427811,
193,ILPS 9624,Grace Jones,Nightclubbing,Island Records,"LP, Album, Blu",,1981,5616756,
194,171 304-1,Amy Winehouse,Back To Black,"Island Records Group, Universal Records","CD, Album, Enh",4.0,2006,825438,
195,1797940,Florence And The Machine,Lungs,"Island Records, Moshi Moshi Records","CD, Album, Enh",,2009,6515644,
196,ILPS 9596,Bob Marley & The Wailers,Uprising,"Island Records, Tuff Gong","LP, Album",,1980,509137,
197,JAG350,Bon Iver,"i,i",Jagjaguwar,"CD, Album",,2019,14030164,
198,"JLS 3044, JLS-3044",Cymande,Cymande,"Janus Records, Janus Records","LP, Album, Gat",,1972,411517,
199,01241-41490-1,A Tribe Called Quest,Midnight Marauders,Jive,"LP, Album, Gre",,1993,93635,
200,1418-2-J,A Tribe Called Quest,The Low End Theory,Jive,"CD, Album, DIS",,1991,87291,
201,7243 8 48693 2 8,A Tribe Called Quest,The Anthology,Jive,"2xCD, Comp",,1999,162366,
202,JSS-3500,Betty Davis,They Say I'm Different,Just Sunshine Records,"LP, Album, Pre",,1974,615785,
203,none,Doja Cat,Planet Her,"Kemosabe Records, RCA","14xFile, AAC, Album, 256",,2021,19266748,
204,826,James Brown,James Brown Live At The Apollo,King Records (3),"LP, Album",,1963,6300716,
205,KS-7-1115,James Brown,Sex Machine,King Records (3),"2xLP, Album, Bla",,1970,433611,
206,73008-26053-1,OutKast,Aquemini,LaFace Records,"3xLP, Album",,1998,169325,
207,none,OutKast,Stankonia,"LaFace Records, Legacy","30xFile, AIFF, Album, Dlx, RE, 20t",,2020,17503726,
208,19439881721,OutKast,ATLiens,"LaFace Records, Sony Music Commercial Music Group","2xLP, Album, Club, RE, RM, Gre",,2021,19803073,
209,"088 170 069-1, 088 170 069-1 ST01",Various,"O Brother, Where Art Thou?","Lost Highway, Lost Highway, Mercury, Island Def Jam Music Group","2xLP, Comp",,2003,1510185,
210,CK 62193 ,Wu-Tang Clan,The W,"Loud Records, Columbia","CD, Album",,2000,5467546,
211,"07863-66663-1, 66663-1",Raekwon Guest Starring: Ghostface Killah A/K/A Tony Starks,Only Built 4 Cuban Linx...,"Loud Records, RCA","2xLP, Album",,1995,184946,
212,07863 66480-1,Mobb Deep,The Infamous,"Loud Records, RCA Records Label, BMG","2xLP, Album",,1995,223127,
213,"2782808, 0060252782808",Florence And The Machine,Ceremonials,"Luv Luv Luv, Island Records Group","CD, Album, Enh",,2011,3198088,
214,B0027921-02,Kacey Musgraves,Golden Hour,MCA Nashville,"CD, Album",,2018,11776682,
215,088 112 996-2,The Roots,Phrenology,MCA Records,"CD, Album",,2002,1751929,
216,MCA-6188,Boston,Third Stage,MCA Records,"LP, Album, Ele",,1986,850430,
217,MCAD-11948,The Roots,Things Fall Apart,MCA Records,"CD, Album",,1999,1000276,
218,B0026379-02,Chris Stapleton,From A Room: Volume 1,Mercury,"CD, Album",4.0,2017,10233235,
219,88843074042,Sia,1000 Forms Of Fear,"Monkey Puzzle Records, RCA","CD, Album",,2014,5861766,
220,M7-902R1,Commodores,Natural High,Motown,"LP, Album, Gol",,1978,4257469,
221,MOTD-6320,Boyz II Men,Cooleyhighharmony,Motown,"CD, Album",,1991,3679781,
222,"314 530 323-2, 314530323-2",Boyz II Men,II,"Motown, Motown","CD, Album",,1994,346551,
223,"6059 ML, 6059ML",Lionel Richie,Can't Slow Down,"Motown, Motown","LP, Album, Gat",,1983,4225726,
224,MOVLP379,Bill Withers,Still Bill,Music On Vinyl,"LP, Album, RE, RM, 180",,2012,4432829,
225,MOVLP2195,The Meters,The Meters,"Music On Vinyl, Josie","LP, Album, RE, 180",3.0,2018,12652036,
226,STUMM 26,Depeche Mode,Black Celebration,Mute,"LP, Album, Emb",,1986,65449,
227,Stumm 64,Depeche Mode,Violator,Mute,"LP, Album",,1990,46905,
228,ALNCD50,Khruangbin,Con Todo El Mundo,Night Time Stories,"CD, Album, Dig",,2018,11547356,
229,075597919592,Lake Street Dive,Obviously ,Nonesuch,"LP, Album, Ltd, Gre",3.0,2021,17728402,
230,517241-1,Dan Auerbach,Keep It Hid,Nonesuch,"LP, Album, Gat + CD, Album",3.0,2009,1699400,
231,520266-2,The Black Keys,Brothers,Nonesuch,"CD, Album, Dig",,2010,2281902,
232,529099-2,The Black Keys,El Camino,Nonesuch,"CD, Album",,2011,3269809,
233,530395-2,Dr. John,Locked Down,Nonesuch,"CD, Album",,2012,3516802,
234,551913-2,Lake Street Dive,Side Pony,Nonesuch,"CD, Album",4.0,2016,8133178,
235,567158-1,Lake Street Dive,Free Yourself Up,Nonesuch,"LP, Album",,2018,11949555,
236,none,The Revivalists,City Of Sound,Not On Label,"CD, Album",,2012,8575050,
237,none,Bon Iver,"For Emma, Forever Ago",Not On Label (Bon Iver Self-released),"CD, Album, Ltd",4.0,2007,1619072,
238,none,Chance The Rapper,Coloring Book,Not On Label (Chance The Rapper Self-released),"14xFile, MP3, Mixtape, 320",4.0,2016,8513820,
239,none,Chance The Rapper,The Big Day,Not On Label (Chance The Rapper Self-released),"22xFile, AAC, Album, 256",3.0,2019,14636334,
240,none,King Gizzard And The Lizard Wizard,Polygondwanaland,Not On Label (King Gizzard And The Lizard Wizard Self-released),"10xFile, FLAC, Album",,2017,11155229,
241,none,Sturgill Simpson,Cuttin Grass - Vol. 2 (The Cowboy Arms Sessions),Not On Label (Sturgill Simpson Self-released),"File, FLAC, Album",,2020,17581633,
242,19439859801,Prince,Welcome 2 America,"NPG Records, Legacy, The Prince Estate","Album + LP + LP, S/Sided, Etch",,2021,19703059,
243,ERE218,Anderson .Paak,Malibu,OBE,"CD, Album, Dig",4.0,2016,7969979,
244,none,The Free Nationals,Free Nationals,"OBE, Empire","13xFile, MP3, Album, 320",,2019,14777083,
245,88765453842 DG1,"Tyler, The Creator",Wolf,Odd Future Records,"CD, Album",,2013,4493116,
246,"9 25286-1, 1-25286",Prince And The Revolution,Around The World In A Day,"Paisley Park, Paisley Park","LP, Album, Spe",,1985,1030796,
247,"9 25395-1, 1-25395",Prince And The Revolution,Parade,"Paisley Park, Paisley Park","LP, Album, Spe",,1986,6046016,
248,"9 25577-1, 1-25577",Prince,"Sign ""O"" The Times","Paisley Park, Paisley Park","2xLP, Album, All",,1987,123915,
249,88985 33682 2,Beyoncé,Lemonade,"Parkwood Entertainment, Columbia","CD, Album + DVD-V, NTSC",,2016,8486714,
250,07243 873838 1 4,Gorillaz,Demon Days,Parlophone,"2xLP, Album, Gat",,2005,474703,
251,PMC 1267,The Beatles,Rubber Soul,Parlophone,"LP, Album, Mono, Lou",,1965,13226139,
252,PMC 7009,The Beatles,Revolver,Parlophone,"LP, Album, Mono, Wit",,1966,2318045,
253,PMC 7027,The Beatles,Sgt. Pepper's Lonely Hearts Club Band,Parlophone,"LP, Album, Mono",,1967,499497,
254,"NODATA 02, 7243 8 55229 1 8",Radiohead,OK Computer,"Parlophone, Parlophone","2xLP, Album, Gat",,1997,4950798,
255,"7243 531138 1 0, 7243 5 31138 1 0, 5311381",Gorillaz,Gorillaz,"Parlophone, Parlophone, Parlophone","2xLP, Album",,2001,4586630,
256,CH7791212012,Toots & The Maytals,Unplugged On Strawberry Hill,"Phree Music, Isis Productions Ltd.","CD + DVD, NTSC",,2012,4785860,
257,4783458,Michael Kiwanuka,Love & Hate,Polydor,"2xLP, Album",,2016,8778580,
258,2797133,Michael Kiwanuka,Home Again,"Polydor, Communion Records (2)","LP, Album",,2012,3461309,
259,"7795275, 00602577952753",Michael Kiwanuka,Kiwanuka,"Polydor, Polydor","CD, Album, Dig",,2019,14346564,
260,"RR.001, RR 001",After The Fire,Signs Of Change,"Rapid Records (2), Rapid Records (2)","LP, Album",,1978,3112230,
261,RWK 1158-1,Black Star,Mos Def & Talib Kweli Are Black Star,Rawkus,"LP, Album",,1998,227581,
262,"LSP-3766, LSP 3766",Jefferson Airplane,Surrealistic Pillow,"RCA Victor, RCA Victor","LP, Album, Ind",,1967,2408506,
263,"SF 8287, LSP 4702, LSP-4702",David Bowie,The Rise And Fall Of Ziggy Stardust And The Spiders From Mars,"RCA Victor, RCA Victor, RCA Victor","LP, Album",,1972,618952,
264,88875-10299-2,Miguel (67),Wildheart,"RCA, Black Ice Records","CD, Album, Dlx",,2015,7169380,
265,19075-96034-1,Tyler Childers,Country Squire,"RCA, Hickman Holler Records","LP, Album",,2019,13948321,
266,"07863-66905-1, 07863 66905-1, 66905-1",Wu-Tang Clan,Wu-Tang Forever,"RCA, Loud Records, RCA, Loud Records, RCA, Loud Records","4xLP, Album, Gat",,1997,240983,
267,MS 2038,Joni Mitchell,Blue,Reprise Records,"LP, Album, San",,1971,10028381,
268,MS 2225,Fleetwood Mac,Fleetwood Mac,Reprise Records,"LP, Album, San",,1975,13552836,
269,"RCV1-563589, 081227932473",Howard Shore,The Lord Of The Rings: The Fellowship Of The Ring - The Complete Recordings,"Reprise Records, WaterTower Music","5xLP, Red + Box, Album, Ltd, Num",,2018,11622311,
270,"RCV1-565277, 603497862627",Howard Shore,The Lord Of The Rings: The Two Towers - The Complete Recordings,"Reprise Records, WaterTower Music","5xLP, Blu + Box, Album, Ltd, Num",,2018,12289306,
271,"RCV1-565282, 603497862610",Howard Shore,The Lord Of The Rings: The Return Of The King - The Complete Recordings,"Reprise Records, WaterTower Music","6xLP, Gre + Box, Album, Ltd, Num",,2018,12545003,
272,00602435034881,Taylor Swift,Folklore,Republic Records,"2xLP, Album, Dlx, Bro",4.0,2020,16242480,
273,00602577928680,Taylor Swift,Lover,Republic Records,"CD, Album",,2019,14035434,
274,B0031001-02,Post Malone,Hollywood's Bleeding,Republic Records,"CD, Album",3.0,2019,14085554,
275,none,Taylor Swift,Evermore,Republic Records,"15xFile, WAV, Album, 24-",4.0,2020,16425597,
276,"CDV 3195, 00602557800227",Kali Uchis,Isolation,"Rinse, Virgin EMI Records, Rinse, Virgin EMI Records","CD, Album",3.0,2018,11862435,
277,88883 73027 2,J. Cole,Born Sinner,"Roc Nation, Columbia, Dreamville","CD, Album",3.0,2013,5439359,
278,88875044112,J. Cole,2014 Forest Hills Drive,"Roc Nation, Dreamville, Columbia, Bystorm Entertainment, Sony Music","CD, Album",4.0,2014,6401788,
279,COC 39108,The Rolling Stones,Some Girls,Rolling Stones Records,"LP, Album, 1st",,1978,3030024,
280,COC 59100,The Rolling Stones,Sticky Fingers ,Rolling Stones Records,"LP, Album",,1971,11272687,
281,"7243 5 41041 1 4, 72435-41041-1-4",Eazy-E,Eazy-Duz-It / 5150 Home 4 Tha Sick ,"Ruthless Records, Priority Records","2xLP, Comp, RM",,2002,348114,
282,SL 57102,N.W.A.,Straight Outta Compton,"Ruthless Records, Priority Records","LP, Album",,1988,103648,
283,88561-5539-1,Bone Thugs-N-Harmony,E. 1999 Eternal,"Ruthless Records, Relativity","LP, Album",,1995,393955,
284,SIG 2061,Lake Street Dive,Bad Self Portraits,Signature Sounds,"CD, Album",,2014,5518769,
285,SKUNKD-1 (SKD-11283),Sublime (2),40oz. To Freedom,Skunk Records (2),"CD, Album",,1992,1384704,
286,none,EarthGang,Strays With Rabies,Spillage VIllage Records,"CD, Album, Dig",,2015,7680237,
287,STX-37412-01,Nathaniel Rateliff And The Night Sweats,Nathaniel Rateliff & The Night Sweats,Stax,"LP, Album",,2015,7379256,
288,SSK 59410,Led Zeppelin,In Through The Out Door,Swan Song,"LP, Album, ""A""",,1979,4911478,
289,T 326L,Stevie Wonder,Innervisions,Tamla,"LP, Album, Hol",,1973,13286331,
290,T13-340C2,Stevie Wonder,Songs In The Key Of Life,Tamla,"2xLP, Wad + 7"", EP + Album",,1976,2927062,
291,"T 329V1, T329V1",Marvin Gaye,Let's Get It On,"Tamla, Tamla","LP, Album, Gat",,1973,305438,
292,"TS-310, TS310",Marvin Gaye,What's Going On,"Tamla, Tamla","LP, Album, Gat",,1971,1559040,
293,INT2-90038,Snoop Dogg,Tha Doggfather,"The New And ""Untouchable"" Death Row Records, Interscope Records","2xLP, Album",,1996,231612,
294,TMR-139,Jack White (2),Blunderbuss,Third Man Records,"LP, Album",,2012,3566352,
295,TMR-271,Jack White (2),Lazaretto,Third Man Records,"LP, Album, Etch, Ult",,2014,5764967,
296,19075-99407-1,SiR (12),Chasing Summer,Top Dawg Entertainment,"LP, Album, Ltd, Gat",3.0,2019,14502350,
297,B0023464-01,Kendrick Lamar,To Pimp A Butterfly,"Top Dawg Entertainment, Aftermath Entertainment, Interscope Records","2xLP, Album, Gat",,2015,7557957,
298,B0026745-01,Kendrick Lamar,Damn.,"Top Dawg Entertainment, Aftermath Entertainment, Interscope Records, Aftermath/Interscope Records","2xLP, Album, Gat",,2017,10559651,
299,B0028689-02,Jay Rock (2),Redemption,"Top Dawg Entertainment, Interscope Records","CD, Album",,2018,12157136,
300,88985-44919-2,SZA (2),Ctrl,"Top Dawg Entertainment, RCA","CD, Album",,2017,10417987,
301,612 001,The Jimi Hendrix Experience,Are You Experienced,Track Record,"LP, Album, Mono",,1967,993028,
302,613 003,The Jimi Hendrix Experience,Axis: Bold As Love,Track Record,"LP, Album, Gat",,1967,1197114,
303,613008/9,The Jimi Hendrix Experience,Electric Ladyland,Track Record,"2xLP, Album, Whi",,1968,538440,
304,TRANS509CD,Arlo Parks,Collapsed In Sunbeams,Transgressive Records,"CD, Album",,2021,17155057,
305,none,Vince Staples,Vince Staples,"UMG Recordings, Inc.","10xFile, AAC, Album, 256",3.0,2021,19428061,
306,none,Caroline Smith,Half About Being A Woman,United Interests,"CD, Album",3.0,2013,6370251,
307,B0011033-02 IN02,Lil Wayne,Tha Carter III,"Universal Motown, Cash Money Records","CD, Album",,2008,1714127,
308,B001669-01,Of Monsters And Men,My Head Is An Animal,Universal Republic Records,"LP, Album",,2011,8189486,
309,"VO 6, 847 903 VTY",Black Sabbath,Black Sabbath,"Vertigo, Vertigo","LP, Album, Phi",,1970,462466,
310,0602527693798,Trombone Shorty,For True,Verve Forecast,"CD, Album",,2011,3149441,
311,8 47044 2,2Pac,Greatest Hits,Virgin,"2xCD, Comp",,1998,227645,
312,V 2345,Phil Collins,No Jacket Required,Virgin,"LP, Album, Bla",,1985,665295,
313,V2185,Phil Collins,Face Value,Virgin,"LP, Album, Gat",,1981,667279,
314,"CDVUS 31, 0777 7 86209 2 1",Lenny Kravitz,Mama Said,"Virgin America, Virgin America","CD, Album",3.0,0,388820,
315,"CDV 3204, 00602567485827",Florence And The Machine,High As Hope,"Virgin EMI Records, Virgin EMI Records","CD, Album",,2018,12198872,
316,"0777 7 86984 2 5, CDVUS60, 263 314",Lenny Kravitz,Are You Gonna Go My Way,"Virgin, Virgin, Virgin","CD, Album",,1993,422712,
317,none,Vulfpeck,The Beautiful Game,Vulf Records,"File, FLAC, Album",,2016,9208638,
318,none,Vulfpeck,Thrill Of The Arts,Vulf Records,"10xFile, FLAC, Album",,2015,7577894,
319,VULF2018,Vulfpeck,Hill Climber,Vulf Records,"LP, Album, Fir",,2018,12950969,
320,0825646102358,Lianne La Havas,Blood,Warner Bros. Records,"CD, Album",,2015,7365859,
321,9362-49350-7,Gary Clark Jr.,Live,Warner Bros. Records,"2xLP, Album, Gat",,2014,6175614,
322,BS 2576,America (2),America,Warner Bros. Records,"LP, Album",,1971,5675046,
323,BS 2894,America (2),History - America's Greatest Hits,Warner Bros. Records,"LP, Comp, Pit",,1975,1313001,
324,BS 2978,The Doobie Brothers,Best Of The Doobies,Warner Bros. Records,"LP, Comp, Pit",,1976,2072210,
325,BSK 3010,Fleetwood Mac,Rumours,Warner Bros. Records,"LP, Album, Jac",,1977,8626822,
326,BSK 3209,Funkadelic,One Nation Under A Groove,Warner Bros. Records,"LP, Gat + 7"", EP + Album",,1978,475153,
327,531981-2,Gary Clark Jr.,Blak And Blu,"Warner Bros. Records, Hotwire Unlimited","CD, Album",,2012,3984442,
328,550131-1,Gary Clark Jr.,The Story Of Sonny Boy Slim,"Warner Bros. Records, Hotwire Unlimited","LP, Album + LP, S/Sided, Album, Etch",,2015,7463093,
329,"9362-49146-0, 9362491460",Prince,4Ever,"Warner Bros. Records, NPG Records, Warner Bros. Records, NPG Records","2xCD, Comp, Dig",,2016,9405286,
330,"K 46180, BS 2655",America (2),Homecoming,"Warner Bros. Records, Warner Bros. Records","LP, Album, Tri",,1972,2499913,
331,"WS 1893, 1893",The Grateful Dead,American Beauty,"Warner Bros. Records, Warner Bros. Records","LP, Album, Pit",,1970,681945,
332,"25110-1, 1-25110, 9 25110-1",Prince And The Revolution,Purple Rain,"Warner Bros. Records, Warner Bros. Records, Warner Bros. Records","LP, Album, All",5.0,1984,194021,
333,"9 23720-1 F, 9 23720-1, 1-23720",Prince,1999,"Warner Bros. Records, Warner Bros. Records, Warner Bros. Records","2xLP, Album, All",,1982,10258354,
334,0190295265014,Lianne La Havas,Lianne La Havas,Warner Records,"LP, Album",,2020,15622319,
335,0190295286101,Dua Lipa,Future Nostalgia,Warner Records,"CD, Album, Dig",,2020,14998219,
336,093624892106,Mac Miller,Swimming In Circles,Warner Records,"Box, Comp, Ltd + 2xLP, Album, Blu + 2xLP, Album, B",4.0,2020,16478229,
337,"WB 2007, WB-2007",Funkadelic,Maggot Brain,"Westbound Records, Westbound Records","LP, Album, Uni",,1971,773587,
338,CDWILD32,Craig David,Born To Do It,Wildstar Records,"CD, Album",,2000,178779,
339,"60150134692, WUR145",The Revivalists,Men Amongst Mountains,"Wind-Up, Wind-Up","LP, Tra + LP, Tra + Album, Ltd, Gat",,2015,7326440,
340,XLLP 520,Adele (3),21,XL Recordings,"LP, Album",,2011,2664589,
341,XLLP740,Adele (3),25,XL Recordings,"LP, Album",,2015,7748058,
342,YEP-2487,Mandolin Orange,Blindfaller,Yep Roc Records,"LP, Album",4.0,2016,9279976,
343,YEP-2638X,Mandolin Orange,Tides Of A Teardrop,Yep Roc Records,"2xCD, Album, Fir",4.0,2019,13142220,
344,00602577112690,Lil Wayne,Tha Carter V,Young Money,"2xCD, Album",,2018,12670213,
